Bairro,0.75,0.9
BUTANTÃ,2.5,13.170000000000003
CASA VERDE,5.949999999999999,19.820000000000025
GUAIANAZES,9.3,22.4
ITAIM,5.8,22.05
ITAQUERA,7.6,22.1
JAÇANÃ,3.2,13.4
LAPA,5.85,16.9
MATEUS,9.575,20.4
MOOCA,4.0,16.4
PINHEIROS,9.2,22.18000000000011
PIRITUBA,7.175,18.5
SANTO AMARO,5.6,17.7
TIRADENTES,10.2,24.9
VILA FORMOSA,8.3,24.4
VILA GUILHERME,4.6,19.46000000000008
VILA MARIANA,4.875,20.5
